{"cameraMode":{"drawMode":0,"name":"Shaded","section":"Shading Mode"},"sceneLighting":false,"audioPlay":false,"sceneViewState":{"m_AlwaysRefresh":false,"showFog":true,"showSkybox":false,"showFlares":true,"showImageEffects":true,"showParticleSystems":true,"showVisualEffectGraphs":true,"m_FxEnabled":true},"in2DMode":false,"pivot":{"x":-102.09425354003906,"y":0.40093594789505007,"z":-82.00377655029297},"rotation":{"x":-0.2981434762477875,"y":0.10907569527626038,"z":-0.03431672602891922,"w":-0.9476490020751953},"size":0.2808385193347931,"orthographic":false}