{"cameraMode":{"drawMode":0,"name":"Shaded","section":"Shading Mode"},"sceneLighting":false,"audioPlay":false,"sceneViewState":{"m_AlwaysRefresh":false,"showFog":true,"showSkybox":false,"showFlares":true,"showImageEffects":true,"showParticleSystems":true,"showVisualEffectGraphs":true,"m_FxEnabled":true},"in2DMode":false,"pivot":{"x":-102.95994567871094,"y":0.420604944229126,"z":-81.39786529541016},"rotation":{"x":-0.12448415905237198,"y":-0.005360705778002739,"z":0.000672649999614805,"w":-0.9922081828117371},"size":0.5541703701019287,"orthographic":false}