{"cameraMode":{"drawMode":0,"name":"Shaded","section":"Shading Mode"},"sceneLighting":false,"audioPlay":false,"sceneViewState":{"m_AlwaysRefresh":false,"showFog":true,"showSkybox":false,"showFlares":true,"showImageEffects":true,"showParticleSystems":true,"showVisualEffectGraphs":true,"m_FxEnabled":true},"in2DMode":false,"pivot":{"x":-102.30445098876953,"y":0.33545583486557009,"z":-80.8676528930664},"rotation":{"x":-0.3311155140399933,"y":0.19532382488250733,"z":-0.07026234269142151,"w":-0.9204756617546082},"size":0.46908751130104067,"orthographic":false}