{"cameraMode":{"drawMode":0,"name":"Shaded","section":"Shading Mode"},"sceneLighting":false,"audioPlay":false,"sceneViewState":{"m_AlwaysRefresh":false,"showFog":true,"showSkybox":false,"showFlares":true,"showImageEffects":true,"showParticleSystems":true,"showVisualEffectGraphs":true,"m_FxEnabled":true},"in2DMode":false,"pivot":{"x":-101.77684783935547,"y":0.41229262948036196,"z":-81.83182525634766},"rotation":{"x":-0.15837658941745759,"y":0.14516448974609376,"z":-0.023547114804387094,"w":-0.9763666987419128},"size":0.4093361794948578,"orthographic":false}