{"cameraMode":{"drawMode":0,"name":"Shaded","section":"Shading Mode"},"sceneLighting":false,"audioPlay":false,"sceneViewState":{"m_AlwaysRefresh":false,"showFog":true,"showSkybox":false,"showFlares":true,"showImageEffects":true,"showParticleSystems":true,"showVisualEffectGraphs":true,"m_FxEnabled":true},"in2DMode":false,"pivot":{"x":-94.58790588378906,"y":1.0327589511871338,"z":-89.71070861816406},"rotation":{"x":0.006098619196563959,"y":0.9743633270263672,"z":-0.22332502901554109,"w":0.026607615873217584},"size":1.1842595338821412,"orthographic":false}