{"cameraMode":{"drawMode":0,"name":"Shaded","section":"Shading Mode"},"sceneLighting":false,"audioPlay":false,"sceneViewState":{"m_AlwaysRefresh":false,"showFog":true,"showSkybox":false,"showFlares":true,"showImageEffects":true,"showParticleSystems":true,"showVisualEffectGraphs":true,"m_FxEnabled":true},"in2DMode":false,"pivot":{"x":-95.59832763671875,"y":0.6754304766654968,"z":-87.50553894042969},"rotation":{"x":0.006098619196563959,"y":0.9743633270263672,"z":-0.22332502901554109,"w":0.026607615873217584},"size":0.7679981589317322,"orthographic":false}