{"cameraMode":{"drawMode":0,"name":"Shaded","section":"Shading Mode"},"sceneLighting":false,"audioPlay":false,"sceneViewState":{"m_AlwaysRefresh":false,"showFog":true,"showSkybox":false,"showFlares":true,"showImageEffects":true,"showParticleSystems":true,"showVisualEffectGraphs":true,"m_FxEnabled":true},"in2DMode":false,"pivot":{"x":-101.95683288574219,"y":0.6207164525985718,"z":-81.20994567871094},"rotation":{"x":-0.22883185744285584,"y":0.05894732475280762,"z":-0.013883545994758606,"w":-0.9715826511383057},"size":0.463429719209671,"orthographic":false}